Name,Purpose
Green Inc,Visionary responsive secured line for synergize customized technologies
"Rich, Fitzgerald and Lawson",Advanced methodical complexity for synthesize transparent solutions
Crawford-Park,Versatile 4thgeneration database for evolve customized platforms
Campbell-Collins,Progressive homogeneous concept for seize granular schemas
Weaver-Allen,Distributed bottom-line product for generate sticky portals
Wyatt Inc,Implemented eco-centric definition for visualize mission-critical mindshare
"Valdez, Sanders and Gomez",Polarized interactive encoding for transform next-generation architectures
"Moore, Blake and Fowler",Operative analyzing interface for repurpose user-centric models
Harris-Lopez,Networked multi-tasking array for deploy out-of-the-box applications
"Parker, Nguyen and Romero",Customizable asynchronous open architecture for morph intuitive e-tailers
Heath and Sons,Streamlined exuding infrastructure for optimize frictionless relationships
Walters-Lewis,Public-key user-facing structure for drive efficient platforms
Shields-Mccann,Open-architected next generation complexity for seize virtual deliverables
"Wolfe, Dillon and Peters",Organic interactive leverage for scale B2B convergence
Gray Group,Centralized empowering leverage for leverage revolutionary applications
Martin-Baker,Diverse grid-enabled leverage for engineer cross-platform content
Lee-Friedman,Balanced national ability for utilize extensible communities
Hernandez Inc,Enhanced uniform secured line for reinvent e-business synergies
Brady Group,Open-architected even-keeled moratorium for implement best-of-breed initiatives
Young Ltd,Mandatory explicit hierarchy for reinvent robust experiences
Rogers and Sons,Total bandwidth-monitored complexity for seize robust models
Decker and Sons,Versatile tangible hub for harness granular portals
Alexander Group,Multi-tiered full-range collaboration for deploy virtual web services
Smith-Foster,Reverse-engineered logistical projection for enhance integrated web-readiness
Harris-Bradley,Streamlined optimal process improvement for harness intuitive initiatives
Lee-Grant,Configurable analyzing forecast for enable 24/365 paradigms
"Green, Miller and Davis",Multi-tiered object-oriented toolset for generate cutting-edge eyeballs
Moore LLC,Balanced encompassing database for seize collaborative ROI
Cardenas and Sons,Total modular firmware for strategize 24/365 methodologies
"Campbell, Rodriguez and Schneider",Enhanced bottom-line function for synergize world-class architectures
Freeman Group,Down-sized multimedia attitude for syndicate next-generation technologies
Collins-Brady,Diverse bifurcated policy for deliver bricks-and-clicks e-business
Peterson PLC,User-centric analyzing workforce for whiteboard collaborative interfaces
"Howard, Booker and Williams",Polarized client-server superstructure for integrate magnetic applications
"Strickland, Dawson and Forbes",Streamlined contextually-based infrastructure for evolve efficient infrastructures
Cervantes-Vega,Ergonomic foreground protocol for seize enterprise communities
"Rice, Gibson and Whitehead",Operative discrete strategy for facilitate dynamic info-mediaries
Lane and Sons,Progressive interactive Internet solution for expedite front-end applications
Olson-Adkins,Compatible fault-tolerant open architecture for incentivize intuitive bandwidth
Little Group,Streamlined exuding framework for exploit strategic eyeballs
"Rowe, Brooks and Paul",Up-sized context-sensitive knowledge user for leverage sticky synergies
"Maddox, Young and Callahan",Exclusive analyzing groupware for leverage integrated eyeballs
Wright Inc,Cloned optimal algorithm for streamline cross-platform architectures
Becker-Glenn,Streamlined encompassing throughput for streamline turn-key e-services
Rush-Phillips,Object-based intangible throughput for synthesize front-end web-readiness
"Sanders, Barnes and Brown",Persistent dedicated synergy for cultivate compelling info-mediaries
Lucas and Sons,Synergized discrete website for e-enable extensible experiences
"Moore, Crawford and Hernandez",Re-contextualized radical structure for repurpose magnetic e-tailers
Hayes-Johnson,Persevering impactful contingency for strategize turn-key channels
"Cruz, Vega and Mathews",Optional needs-based architecture for exploit dot-com paradigms
